Grocery Shopping,"Buy vegetables, fruits, and household essentials from the supermarket.",2023-09-20,false
Clean the House,"Vacuum the floors, dust the furniture, and do the laundry.",2023-09-21,false
Write Report,"Summarize the research findings and compile them into a detailed report.",2023-09-22,false
Exercise Routine,"Go for a morning jog and then do a full-body workout at the gym.",2023-09-23,true
Study for Exam,"Review lecture notes, practice sample questions, and work on past exam papers.",2023-09-24,false
Plan Vacation,"Research potential destinations, book flights and accommodation, and create an itinerary.",2023-09-25,false
Attend Meeting,"Discuss project updates, address any issues, and plan next steps.",2023-09-26,true
Read Novel,"Dive into the latest bestseller and enjoy a captivating story.",2023-09-27,false
Prepare Dinner,"Cook a delicious meal with a recipe you've been wanting to try.",2023-09-28,false
Organize Closet,"Sort through clothes, donate unused items, and reorganize shelves.",2023-09-29,true
Write Blog Post,"Choose a topic, outline the content, and draft a blog post for publication.",2023-09-30,false
Call Mom,"Catch up with Mom, share updates, and express love and gratitude.",2023-10-01,false
Research New Technology,"Explore the latest advancements in technology and their potential applications.",2023-10-02,false
Water the Plants,"Give the indoor and outdoor plants a good watering to keep them healthy.",2023-10-03,true
Yoga and Meditation,"Practice yoga for flexibility and meditate for mental clarity and relaxation.",2023-10-04,false
Visit Art Gallery,"Explore the latest art exhibitions and gain inspiration from various artists.",2023-10-05,false
Bake Cookies,"Gather ingredients, mix dough, and bake a batch of delicious cookies.",2023-10-06,false
Learn a New Language,"Dedicate time to learning vocabulary, grammar, and practicing conversations.",2023-10-07,true
Read Scientific Papers,"Stay updated on recent research findings in your field of interest.",2023-10-08,false
Volunteer at Shelter,"Spend time helping at a local animal or homeless shelter.",2023-10-09,false
Explore New Trails,"Discover scenic hiking routes and enjoy the beauty of nature.",2023-10-10,true
Write Poem,"Find inspiration and express your thoughts and emotions through poetry.",2023-10-11,false
Try a New Recipe,"Experiment with cooking and try a recipe from a different cuisine.",2023-10-12,false
